{"stats":{"minecraft:used":{"minecraft:oak_log":1,"minecraft:moss_carpet":1,"minecraft:flowering_azalea":2},"minecraft:crafted":{"minecraft:oak_planks":4},"minecraft:mined":{"minecraft:grass":70,"minecraft:oak_log":8,"minecraft:oak_wood":1,"minecraft:flowering_azalea":2,"minecraft:flowering_azalea_leaves":1,"minecraft:vine":3,"minecraft:tall_grass":14,"minecraft:oak_leaves":6},"minecraft:dropped":{"minecraft:wheat_seeds":4},"minecraft:custom":{"minecraft:time_since_rest":4414,"minecraft:play_time":4414,"minecraft:crouch_one_cm":648,"minecraft:sprint_one_cm":17938,"minecraft:walk_one_cm":4723,"minecraft:sneak_time":393,"minecraft:drop":1,"minecraft:jump":98,"minecraft:time_since_death":4414,"minecraft:climb_one_cm":51,"minecraft:total_world_time":4414,"minecraft:fall_one_cm":3102,"minecraft:fly_one_cm":18252},"minecraft:picked_up":{"minecraft:oak_wood":1,"minecraft:wheat_seeds":14,"minecraft:oak_log":7,"minecraft:flowering_azalea":2,"minecraft:moss_carpet":1}},"DataVersion":3578}