{"stats":{"minecraft:killed_by":{"minecraft:zombie":1,"minecraft:enderman":1},"minecraft:used":{"minecraft:moss_block":2,"minecraft:moss_carpet":1,"minecraft:rabbit":1,"minecraft:oak_planks":57,"minecraft:wooden_pickaxe":27,"minecraft:oak_door":4,"minecraft:torch":11,"minecraft:glow_berries":10,"minecraft:dirt":7,"minecraft:mutton":13,"minecraft:crafting_table":6,"minecraft:granite":1,"minecraft:oak_log":1,"minecraft:wooden_axe":65,"minecraft:flowering_azalea":2,"minecraft:rooted_dirt":2,"minecraft:wooden_sword":94,"minecraft:cobblestone":2,"minecraft:pitcher_plant":2,"minecraft:porkchop":4,"minecraft:egg":2,"minecraft:coarse_dirt":2},"minecraft:killed":{"minecraft:pig":2,"minecraft:rabbit":1,"minecraft:sheep":8,"minecraft:cow":1},"minecraft:crafted":{"minecraft:oak_door":3,"minecraft:wooden_sword":2,"minecraft:oak_planks":84,"minecraft:crafting_table":3,"minecraft:wooden_pickaxe":1,"minecraft:stick":12,"minecraft:wooden_axe":1,"minecraft:white_bed":1,"minecraft:torch":4},"minecraft:mined":{"minecraft:podzol":3,"minecraft:flowering_azalea":2,"minecraft:dark_oak_leaves":1,"minecraft:oak_door":3,"minecraft:crafting_table":5,"minecraft:torch":2,"minecraft:cave_vines_plant":1,"minecraft:granite":1,"minecraft:oak_wood":2,"minecraft:grass_block":3,"minecraft:tall_grass":68,"minecraft:oak_planks":15,"minecraft:moss_block":2,"minecraft:wall_torch":5,"minecraft:rooted_dirt":2,"minecraft:large_fern":1,"minecraft:coarse_dirt":2,"minecraft:pitcher_plant":3,"minecraft:peony":1,"minecraft:grass":196,"minecraft:oak_log":21,"minecraft:coal_ore":6,"minecraft:cave_vines":7,"minecraft:vine":3,"minecraft:flowering_azalea_leaves":1,"minecraft:dirt":2,"minecraft:packed_ice":12,"minecraft:stone":2,"minecraft:oak_leaves":13},"minecraft:dropped":{"minecraft:wheat_seeds":4,"minecraft:wooden_axe":1,"minecraft:wooden_sword":1},"minecraft:custom":{"minecraft:mob_kills":12,"minecraft:interact_with_crafting_table":9,"minecraft:time_since_death":616,"minecraft:climb_one_cm":984,"minecraft:time_since_rest":646,"minecraft:sprint_one_cm":116051,"minecraft:damage_taken":766,"minecraft:walk_one_cm":51091,"minecraft:drop":3,"minecraft:damage_dealt":1291,"minecraft:swim_one_cm":15990,"minecraft:fly_one_cm":147568,"minecraft:player_kills":1,"minecraft:deaths":2,"minecraft:crouch_one_cm":8167,"minecraft:play_time":40414,"minecraft:sneak_time":5248,"minecraft:walk_under_water_one_cm":7357,"minecraft:jump":989,"minecraft:walk_on_water_one_cm":3607,"minecraft:total_world_time":40414,"minecraft:fall_one_cm":32445},"minecraft:picked_up":{"minecraft:wooden_axe":1,"minecraft:crafting_table":5,"minecraft:coarse_dirt":2,"minecraft:feather":3,"minecraft:oak_log":20,"minecraft:moss_carpet":1,"minecraft:dirt":7,"minecraft:wooden_sword":1,"minecraft:wheat_seeds":29,"minecraft:beef":3,"minecraft:rabbit":1,"minecraft:light_gray_wool":1,"minecraft:moss_block":2,"minecraft:oak_planks":10,"minecraft:flowering_azalea":2,"minecraft:egg":2,"minecraft:stick":1,"minecraft:pitcher_plant":3,"minecraft:oak_door":4,"minecraft:torch":8,"minecraft:porkchop":4,"minecraft:oak_wood":2,"minecraft:peony":1,"minecraft:granite":1,"minecraft:gray_wool":1,"minecraft:rooted_dirt":2,"minecraft:oak_sapling":1,"minecraft:glow_berries":7,"minecraft:mutton":13,"minecraft:coal":5,"minecraft:white_wool":6,"minecraft:cobblestone":2}},"DataVersion":3578}