{"stats":{"minecraft:killed_by":{"minecraft:player":2,"minecraft:skeleton":1,"minecraft:zombie":2,"minecraft:enderman":1},"minecraft:used":{"minecraft:moss_block":2,"minecraft:moss_carpet":1,"minecraft:torchflower":1,"minecraft:rabbit":1,"minecraft:oak_planks":57,"minecraft:wooden_pickaxe":36,"minecraft:oak_door":4,"minecraft:torch":11,"minecraft:glow_berries":10,"minecraft:dirt":7,"minecraft:mutton":17,"minecraft:crafting_table":11,"minecraft:granite":1,"minecraft:oak_log":1,"minecraft:wooden_axe":140,"minecraft:flowering_azalea":2,"minecraft:rooted_dirt":2,"minecraft:stone_axe":31,"minecraft:wooden_sword":209,"minecraft:cobblestone":2,"minecraft:beef":1,"minecraft:pitcher_plant":7,"minecraft:oak_sapling":4,"minecraft:porkchop":4,"minecraft:egg":2,"minecraft:coarse_dirt":2},"minecraft:killed":{"minecraft:pig":2,"minecraft:rabbit":1,"minecraft:sheep":12,"minecraft:skeleton":1,"minecraft:cow":2},"minecraft:crafted":{"minecraft:oak_door":3,"minecraft:wooden_sword":7,"minecraft:oak_planks":128,"minecraft:crafting_table":5,"minecraft:wooden_pickaxe":2,"minecraft:stone_axe":1,"minecraft:stick":36,"minecraft:stone_pickaxe":1,"minecraft:wooden_axe":3,"minecraft:stone_sword":1,"minecraft:white_bed":1,"minecraft:torch":4},"minecraft:mined":{"minecraft:podzol":3,"minecraft:flowering_azalea":2,"minecraft:dark_oak_leaves":4,"minecraft:oak_door":3,"minecraft:crafting_table":9,"minecraft:torch":2,"minecraft:cave_vines_plant":1,"minecraft:granite":1,"minecraft:oak_wood":2,"minecraft:grass_block":3,"minecraft:stone_slab":1,"minecraft:tall_grass":130,"minecraft:oak_planks":15,"minecraft:moss_block":2,"minecraft:wall_torch":5,"minecraft:rooted_dirt":2,"minecraft:pink_petals":1,"minecraft:large_fern":1,"minecraft:coarse_dirt":2,"minecraft:torchflower":2,"minecraft:birch_leaves":1,"minecraft:pitcher_plant":8,"minecraft:peony":1,"minecraft:grass":336,"minecraft:oak_log":39,"minecraft:coal_ore":6,"minecraft:cave_vines":7,"minecraft:vine":5,"minecraft:flowering_azalea_leaves":1,"minecraft:dirt":2,"minecraft:packed_ice":12,"minecraft:stone":10,"minecraft:oak_leaves":21},"minecraft:dropped":{"minecraft:wheat_seeds":6,"minecraft:stone_slab":1,"minecraft:wooden_axe":1,"minecraft:wooden_sword":1},"minecraft:custom":{"minecraft:mob_kills":18,"minecraft:interact_with_crafting_table":21,"minecraft:leave_game":1,"minecraft:time_since_death":7304,"minecraft:climb_one_cm":1594,"minecraft:time_since_rest":7349,"minecraft:sprint_one_cm":183421,"minecraft:damage_taken":2085,"minecraft:walk_one_cm":84834,"minecraft:drop":6,"minecraft:damage_dealt":2587,"minecraft:swim_one_cm":17181,"minecraft:fly_one_cm":254377,"minecraft:player_kills":5,"minecraft:deaths":7,"minecraft:crouch_one_cm":9656,"minecraft:play_time":56367,"minecraft:sneak_time":6294,"minecraft:walk_under_water_one_cm":7495,"minecraft:jump":1526,"minecraft:walk_on_water_one_cm":4032,"minecraft:total_world_time":56367,"minecraft:fall_one_cm":54706},"minecraft:picked_up":{"minecraft:wooden_axe":1,"minecraft:crafting_table":10,"minecraft:coarse_dirt":2,"minecraft:feather":3,"minecraft:stone_slab":2,"minecraft:torchflower":2,"minecraft:oak_log":38,"minecraft:string":2,"minecraft:moss_carpet":2,"minecraft:dirt":21,"minecraft:wooden_sword":2,"minecraft:bone":1,"minecraft:wheat_seeds":59,"minecraft:beef":4,"minecraft:rabbit":1,"minecraft:light_gray_wool":1,"minecraft:moss_block":2,"minecraft:oak_planks":10,"minecraft:flowering_azalea":2,"minecraft:egg":2,"minecraft:stick":5,"minecraft:pitcher_plant":12,"minecraft:oak_door":4,"minecraft:torch":8,"minecraft:porkchop":4,"minecraft:oak_wood":2,"minecraft:peony":1,"minecraft:granite":1,"minecraft:gray_wool":1,"minecraft:rooted_dirt":2,"minecraft:oak_sapling":5,"minecraft:glow_berries":7,"minecraft:mutton":18,"minecraft:coal":5,"minecraft:white_wool":9,"minecraft:cobblestone":10}},"DataVersion":3578}