{"stats":{"minecraft:used":{"minecraft:oak_log":1,"minecraft:wooden_axe":14,"minecraft:moss_carpet":1,"minecraft:flowering_azalea":2,"minecraft:rooted_dirt":1,"minecraft:oak_planks":36,"minecraft:wooden_pickaxe":7,"minecraft:oak_door":4,"minecraft:torch":2,"minecraft:glow_berries":4,"minecraft:wooden_sword":22,"minecraft:cobblestone":1,"minecraft:crafting_table":3,"minecraft:porkchop":4,"minecraft:egg":1,"minecraft:coarse_dirt":2,"minecraft:granite":1},"minecraft:killed":{"minecraft:pig":2},"minecraft:crafted":{"minecraft:wooden_sword":1,"minecraft:oak_planks":52,"minecraft:crafting_table":1,"minecraft:stick":8,"minecraft:wooden_pickaxe":1,"minecraft:wooden_axe":1,"minecraft:torch":4,"minecraft:oak_door":3},"minecraft:mined":{"minecraft:large_fern":1,"minecraft:coarse_dirt":2,"minecraft:flowering_azalea":2,"minecraft:crafting_table":3,"minecraft:cave_vines_plant":1,"minecraft:granite":1,"minecraft:coal_ore":4,"minecraft:grass":119,"minecraft:grass_block":1,"minecraft:oak_wood":1,"minecraft:oak_log":14,"minecraft:cave_vines":2,"minecraft:flowering_azalea_leaves":1,"minecraft:vine":3,"minecraft:dirt":1,"minecraft:tall_grass":48,"minecraft:stone":2,"minecraft:oak_planks":5,"minecraft:oak_leaves":6,"minecraft:rooted_dirt":1,"minecraft:podzol":3},"minecraft:dropped":{"minecraft:wheat_seeds":4,"minecraft:wooden_axe":1,"minecraft:wooden_sword":1},"minecraft:custom":{"minecraft:time_since_rest":16414,"minecraft:sprint_one_cm":52177,"minecraft:damage_taken":150,"minecraft:walk_one_cm":19570,"minecraft:mob_kills":2,"minecraft:drop":3,"minecraft:damage_dealt":382,"minecraft:swim_one_cm":6061,"minecraft:interact_with_crafting_table":5,"minecraft:fly_one_cm":61503,"minecraft:crouch_one_cm":2674,"minecraft:play_time":16414,"minecraft:sneak_time":2190,"minecraft:walk_under_water_one_cm":4779,"minecraft:jump":354,"minecraft:time_since_death":16414,"minecraft:walk_on_water_one_cm":2291,"minecraft:total_world_time":16414,"minecraft:climb_one_cm":51,"minecraft:fall_one_cm":11732},"minecraft:picked_up":{"minecraft:wooden_axe":1,"minecraft:coarse_dirt":2,"minecraft:stick":1,"minecraft:crafting_table":3,"minecraft:feather":3,"minecraft:torch":1,"minecraft:porkchop":4,"minecraft:oak_log":13,"minecraft:dirt":4,"minecraft:moss_carpet":1,"minecraft:wooden_sword":1,"minecraft:oak_wood":1,"minecraft:wheat_seeds":23,"minecraft:granite":1,"minecraft:oak_door":1,"minecraft:rooted_dirt":1,"minecraft:coal":3,"minecraft:glow_berries":3,"minecraft:oak_planks":6,"minecraft:flowering_azalea":2,"minecraft:cobblestone":2,"minecraft:egg":1}},"DataVersion":3578}