{"stats":{"minecraft:used":{"minecraft:moss_block":1,"minecraft:moss_carpet":1,"minecraft:oak_planks":36,"minecraft:wooden_pickaxe":27,"minecraft:oak_door":4,"minecraft:torch":8,"minecraft:glow_berries":10,"minecraft:dirt":5,"minecraft:mutton":2,"minecraft:crafting_table":5,"minecraft:granite":1,"minecraft:oak_log":1,"minecraft:wooden_axe":56,"minecraft:flowering_azalea":2,"minecraft:rooted_dirt":2,"minecraft:wooden_sword":53,"minecraft:cobblestone":2,"minecraft:porkchop":4,"minecraft:egg":1,"minecraft:coarse_dirt":2},"minecraft:killed":{"minecraft:pig":2,"minecraft:sheep":8},"minecraft:crafted":{"minecraft:oak_door":3,"minecraft:wooden_sword":1,"minecraft:oak_planks":72,"minecraft:crafting_table":1,"minecraft:wooden_pickaxe":1,"minecraft:stick":8,"minecraft:wooden_axe":1,"minecraft:white_bed":1,"minecraft:torch":4},"minecraft:mined":{"minecraft:podzol":3,"minecraft:flowering_azalea":2,"minecraft:oak_door":3,"minecraft:crafting_table":5,"minecraft:torch":2,"minecraft:cave_vines_plant":1,"minecraft:granite":1,"minecraft:oak_wood":1,"minecraft:grass_block":3,"minecraft:tall_grass":55,"minecraft:oak_planks":6,"minecraft:moss_block":2,"minecraft:wall_torch":5,"minecraft:rooted_dirt":2,"minecraft:large_fern":1,"minecraft:coarse_dirt":2,"minecraft:pitcher_plant":3,"minecraft:peony":1,"minecraft:grass":156,"minecraft:oak_log":19,"minecraft:coal_ore":6,"minecraft:cave_vines":7,"minecraft:vine":3,"minecraft:flowering_azalea_leaves":1,"minecraft:dirt":2,"minecraft:packed_ice":12,"minecraft:stone":2,"minecraft:oak_leaves":6},"minecraft:dropped":{"minecraft:wheat_seeds":4,"minecraft:wooden_axe":1,"minecraft:wooden_sword":1},"minecraft:custom":{"minecraft:mob_kills":10,"minecraft:interact_with_crafting_table":7,"minecraft:time_since_death":28414,"minecraft:climb_one_cm":536,"minecraft:time_since_rest":28414,"minecraft:sprint_one_cm":76882,"minecraft:damage_taken":230,"minecraft:walk_one_cm":32089,"minecraft:drop":3,"minecraft:damage_dealt":1021,"minecraft:swim_one_cm":15990,"minecraft:fly_one_cm":88055,"minecraft:crouch_one_cm":3844,"minecraft:play_time":28414,"minecraft:sneak_time":3180,"minecraft:walk_under_water_one_cm":7357,"minecraft:jump":558,"minecraft:walk_on_water_one_cm":3607,"minecraft:total_world_time":28414,"minecraft:fall_one_cm":17486},"minecraft:picked_up":{"minecraft:wooden_axe":1,"minecraft:crafting_table":5,"minecraft:coarse_dirt":2,"minecraft:feather":3,"minecraft:oak_log":18,"minecraft:moss_carpet":1,"minecraft:dirt":7,"minecraft:wooden_sword":1,"minecraft:wheat_seeds":26,"minecraft:light_gray_wool":1,"minecraft:moss_block":2,"minecraft:oak_planks":7,"minecraft:flowering_azalea":2,"minecraft:egg":2,"minecraft:stick":1,"minecraft:pitcher_plant":3,"minecraft:oak_door":4,"minecraft:torch":8,"minecraft:porkchop":4,"minecraft:oak_wood":1,"minecraft:peony":1,"minecraft:granite":1,"minecraft:gray_wool":1,"minecraft:rooted_dirt":2,"minecraft:glow_berries":7,"minecraft:mutton":13,"minecraft:coal":5,"minecraft:white_wool":6,"minecraft:cobblestone":2}},"DataVersion":3578}