{"stats":{"minecraft:used":{"minecraft:wooden_axe":6,"minecraft:crafting_table":1,"minecraft:chicken":2},"minecraft:killed":{"minecraft:chicken":2},"minecraft:crafted":{"minecraft:wooden_sword":1,"minecraft:oak_planks":12,"minecraft:crafting_table":1,"minecraft:stick":4,"minecraft:wooden_axe":1},"minecraft:mined":{"minecraft:grass":11,"minecraft:oak_log":3,"minecraft:tall_grass":6,"minecraft:crafting_table":1},"minecraft:dropped":{"minecraft:wheat_seeds":1},"minecraft:custom":{"minecraft:deaths":1,"minecraft:time_since_rest":93,"minecraft:crouch_one_cm":184,"minecraft:play_time":4042,"minecraft:sprint_one_cm":10574,"minecraft:damage_taken":280,"minecraft:walk_one_cm":9989,"minecraft:sneak_time":23,"minecraft:walk_under_water_one_cm":212,"minecraft:mob_kills":2,"minecraft:drop":1,"minecraft:jump":128,"minecraft:damage_dealt":200,"minecraft:leave_game":1,"minecraft:time_since_death":0,"minecraft:walk_on_water_one_cm":1003,"minecraft:total_world_time":4042,"minecraft:climb_one_cm":146,"minecraft:swim_one_cm":3711,"minecraft:interact_with_crafting_table":1,"minecraft:fall_one_cm":7395,"minecraft:fly_one_cm":30028},"minecraft:picked_up":{"minecraft:feather":3,"minecraft:crafting_table":1,"minecraft:chicken":2,"minecraft:wheat_seeds":1,"minecraft:oak_log":3}},"DataVersion":3578}