{"stats":{"minecraft:killed_by":{"minecraft:player":5,"minecraft:skeleton":1,"minecraft:zombie":1},"minecraft:used":{"minecraft:wooden_axe":6,"minecraft:iron_axe":6,"minecraft:chicken":2,"minecraft:suspicious_stew":1,"minecraft:wooden_pickaxe":29,"minecraft:stone_axe":2,"minecraft:white_wool":1,"minecraft:wooden_sword":28,"minecraft:dirt":7,"minecraft:mutton":2,"minecraft:beef":1,"minecraft:crafting_table":5,"minecraft:porkchop":3},"minecraft:crafted":{"minecraft:wooden_sword":1,"minecraft:oak_planks":56,"minecraft:iron_boots":1,"minecraft:crafting_table":3,"minecraft:iron_axe":1,"minecraft:stick":16,"minecraft:wooden_pickaxe":1,"minecraft:stone_pickaxe":1,"minecraft:wooden_axe":1,"minecraft:stone_sword":1,"minecraft:stone_axe":1},"minecraft:killed":{"minecraft:sheep":1,"minecraft:skeleton":1,"minecraft:pig":1,"minecraft:chicken":2,"minecraft:cow":1},"minecraft:mined":{"minecraft:birch_log":1,"minecraft:crafting_table":5,"minecraft:granite":17,"minecraft:grass":54,"minecraft:grass_block":3,"minecraft:oak_log":14,"minecraft:vine":2,"minecraft:packed_ice":5,"minecraft:tall_grass":12,"minecraft:stone":12,"minecraft:oak_leaves":1},"minecraft:dropped":{"minecraft:wheat_seeds":21,"minecraft:bowl":1,"minecraft:wooden_sword":2,"minecraft:leather":2,"minecraft:wooden_pickaxe":1},"minecraft:custom":{"minecraft:time_since_rest":3946,"minecraft:sprint_one_cm":82468,"minecraft:damage_taken":2530,"minecraft:walk_one_cm":33680,"minecraft:mob_kills":6,"minecraft:drop":18,"minecraft:damage_dealt":1500,"minecraft:swim_one_cm":40028,"minecraft:interact_with_crafting_table":5,"minecraft:fly_one_cm":284010,"minecraft:player_kills":2,"minecraft:open_chest":3,"minecraft:crouch_one_cm":866,"minecraft:play_time":30619,"minecraft:deaths":9,"minecraft:sneak_time":458,"minecraft:walk_under_water_one_cm":3749,"minecraft:jump":1172,"minecraft:leave_game":1,"minecraft:walk_on_water_one_cm":6122,"minecraft:time_since_death":3911,"minecraft:climb_one_cm":1198,"minecraft:total_world_time":30619,"minecraft:fall_one_cm":57487},"minecraft:picked_up":{"minecraft:birch_log":1,"minecraft:stick":10,"minecraft:crafting_table":9,"minecraft:feather":3,"minecraft:chicken":2,"minecraft:pitcher_plant":1,"minecraft:leather":2,"minecraft:porkchop":3,"minecraft:oak_log":15,"minecraft:dirt":12,"minecraft:wooden_sword":4,"minecraft:wheat_seeds":26,"minecraft:granite":17,"minecraft:beef":1,"minecraft:mutton":2,"minecraft:white_wool":1,"minecraft:cobblestone":12}},"DataVersion":3578}