{"stats":{"minecraft:killed_by":{"minecraft:player":1},"minecraft:used":{"minecraft:wooden_axe":6,"minecraft:iron_axe":6,"minecraft:chicken":2,"minecraft:suspicious_stew":1,"minecraft:crafting_table":2},"minecraft:crafted":{"minecraft:wooden_sword":1,"minecraft:oak_planks":36,"minecraft:iron_boots":1,"minecraft:crafting_table":2,"minecraft:iron_axe":1,"minecraft:stick":8,"minecraft:wooden_axe":1},"minecraft:killed":{"minecraft:skeleton":1,"minecraft:chicken":2},"minecraft:mined":{"minecraft:crafting_table":3,"minecraft:grass":34,"minecraft:oak_log":9,"minecraft:packed_ice":5,"minecraft:tall_grass":11,"minecraft:oak_leaves":1},"minecraft:dropped":{"minecraft:wheat_seeds":4,"minecraft:bowl":1},"minecraft:custom":{"minecraft:time_since_rest":745,"minecraft:sprint_one_cm":41546,"minecraft:damage_taken":941,"minecraft:walk_one_cm":19695,"minecraft:mob_kills":3,"minecraft:drop":5,"minecraft:damage_dealt":686,"minecraft:swim_one_cm":38831,"minecraft:interact_with_crafting_table":3,"minecraft:fly_one_cm":147222,"minecraft:open_chest":3,"minecraft:crouch_one_cm":400,"minecraft:play_time":18619,"minecraft:deaths":3,"minecraft:sneak_time":139,"minecraft:walk_under_water_one_cm":3512,"minecraft:jump":635,"minecraft:leave_game":1,"minecraft:walk_on_water_one_cm":5882,"minecraft:time_since_death":711,"minecraft:climb_one_cm":658,"minecraft:total_world_time":18619,"minecraft:fall_one_cm":30988},"minecraft:picked_up":{"minecraft:crafting_table":3,"minecraft:feather":3,"minecraft:chicken":2,"minecraft:oak_log":9,"minecraft:wheat_seeds":4}},"DataVersion":3578}