{"stats":{"minecraft:picked_up":{"minecraft:acacia_log":7,"minecraft:wheat_seeds":1,"minecraft:dirt":10,"minecraft:cobblestone":6},"minecraft:used":{"minecraft:dirt":9,"minecraft:crafting_table":1,"minecraft:wooden_pickaxe":14,"minecraft:acacia_planks":16},"minecraft:mined":{"minecraft:short_grass":15,"minecraft:acacia_log":7,"minecraft:grass_block":3,"minecraft:acacia_leaves":2,"minecraft:dirt":7,"minecraft:stone":6},"minecraft:crafted":{"minecraft:acacia_planks":28,"minecraft:crafting_table":1,"minecraft:stick":4,"minecraft:wooden_pickaxe":1},"minecraft:killed_by":{"minecraft:zombie":1},"minecraft:custom":{"minecraft:time_since_rest":21672,"minecraft:crouch_one_cm":536,"minecraft:play_time":23134,"minecraft:sprint_one_cm":9427,"minecraft:damage_taken":290,"minecraft:walk_one_cm":11791,"minecraft:deaths":1,"minecraft:sneak_time":244,"minecraft:walk_under_water_one_cm":509,"minecraft:drop":1,"minecraft:jump":160,"minecraft:damage_dealt":152,"minecraft:leave_game":2,"minecraft:time_since_death":21640,"minecraft:walk_on_water_one_cm":1029,"minecraft:total_world_time":23134,"minecraft:swim_one_cm":170,"minecraft:interact_with_crafting_table":1,"minecraft:fall_one_cm":7129,"minecraft:fly_one_cm":38894},"minecraft:dropped":{"minecraft:wheat_seeds":1}},"DataVersion":3955}