{"stats":{"minecraft:used":{"minecraft:dirt":13,"minecraft:crafting_table":1,"minecraft:wooden_pickaxe":40,"minecraft:acacia_planks":16},"minecraft:mined":{"minecraft:short_grass":15,"minecraft:acacia_log":7,"minecraft:grass_block":6,"minecraft:acacia_leaves":2,"minecraft:dirt":9,"minecraft:stone":30,"minecraft:crafting_table":1},"minecraft:dropped":{"minecraft:wheat_seeds":1},"minecraft:custom":{"minecraft:time_since_rest":38019,"minecraft:crouch_one_cm":1186,"minecraft:play_time":39481,"minecraft:sprint_one_cm":14194,"minecraft:damage_taken":340,"minecraft:walk_one_cm":18341,"minecraft:deaths":1,"minecraft:sneak_time":750,"minecraft:walk_under_water_one_cm":509,"minecraft:drop":1,"minecraft:jump":198,"minecraft:damage_dealt":152,"minecraft:leave_game":4,"minecraft:walk_on_water_one_cm":1029,"minecraft:time_since_death":37987,"minecraft:climb_one_cm":1341,"minecraft:total_world_time":39481,"minecraft:interact_with_crafting_table":1,"minecraft:swim_one_cm":170,"minecraft:fall_one_cm":8787,"minecraft:fly_one_cm":45665},"minecraft:killed_by":{"minecraft:zombie":1},"minecraft:picked_up":{"minecraft:crafting_table":1,"minecraft:wheat_seeds":1,"minecraft:acacia_log":7,"minecraft:dirt":13,"minecraft:cobblestone":30},"minecraft:crafted":{"minecraft:acacia_planks":28,"minecraft:crafting_table":1,"minecraft:stick":4,"minecraft:wooden_pickaxe":1}},"DataVersion":3955}