{"stats":{"minecraft:picked_up":{"minecraft:crafting_table":1,"minecraft:wheat_seeds":1,"minecraft:acacia_log":7,"minecraft:dirt":12,"minecraft:cobblestone":26},"minecraft:killed_by":{"minecraft:zombie":1},"minecraft:crafted":{"minecraft:acacia_planks":28,"minecraft:crafting_table":1,"minecraft:stick":4,"minecraft:wooden_pickaxe":1},"minecraft:dropped":{"minecraft:wheat_seeds":1},"minecraft:mined":{"minecraft:short_grass":15,"minecraft:acacia_log":7,"minecraft:grass_block":5,"minecraft:acacia_leaves":2,"minecraft:dirt":9,"minecraft:stone":26,"minecraft:crafting_table":1},"minecraft:used":{"minecraft:dirt":11,"minecraft:crafting_table":1,"minecraft:wooden_pickaxe":35,"minecraft:acacia_planks":16},"minecraft:custom":{"minecraft:time_since_rest":36047,"minecraft:crouch_one_cm":1075,"minecraft:play_time":37509,"minecraft:sprint_one_cm":11387,"minecraft:damage_taken":290,"minecraft:walk_one_cm":16958,"minecraft:deaths":1,"minecraft:sneak_time":711,"minecraft:walk_under_water_one_cm":509,"minecraft:drop":1,"minecraft:jump":177,"minecraft:damage_dealt":152,"minecraft:leave_game":3,"minecraft:walk_on_water_one_cm":1029,"minecraft:time_since_death":36015,"minecraft:total_world_time":37509,"minecraft:swim_one_cm":170,"minecraft:interact_with_crafting_table":1,"minecraft:fall_one_cm":7338,"minecraft:fly_one_cm":40502}},"DataVersion":3955}